{
    "precision@1": [
        0.0,
        0.0,
        0.0,
        0.0,
        0.0,
        0.0,
        0.0,
        1.0,
        1.0,
        0.0,
        0.0,
        0.0,
        0.0,
        0.0,
        1.0,
        0.0,
        1.0,
        1.0,
        0.0,
        0.0,
        0.0,
        0.0,
        0.0,
        0.0,
        0.0,
        0.0,
        0.0,
        0.0,
        1.0,
        0.0,
        0.0,
        0.0,
        0.0,
        0.0,
        0.0,
        0.0,
        0.0,
        0.0,
        1.0,
        1.0,
        0.0,
        0.0,
        0.0,
        1.0,
        0.0,
        0.0,
        0.0,
        1.0,
        0.0,
        0.0
    ],
    "precision@5": [
        0.0,
        0.0,
        0.0,
        0.0,
        0.6,
        0.0,
        0.0,
        0.2,
        0.4,
        0.2,
        0.0,
        0.0,
        0.2,
        0.0,
        0.4,
        0.0,
        0.2,
        0.2,
        0.0,
        0.0,
        0.0,
        0.0,
        0.0,
        0.2,
        0.0,
        0.0,
        0.0,
        0.0,
        0.2,
        0.2,
        0.0,
        0.0,
        0.0,
        0.2,
        0.0,
        0.0,
        0.0,
        0.2,
        0.2,
        0.4,
        0.0,
        0.0,
        0.0,
        0.6,
        0.0,
        0.0,
        0.0,
        0.4,
        0.0,
        0.6
    ],
    "ndcg@5": [
        0.0,
        0.0,
        0.0,
        0.0,
        0.4226415848467783,
        0.0,
        0.0,
        0.3391602052736161,
        0.5531464700081437,
        0.16958010263680806,
        0.0,
        0.0,
        0.07816178655294431,
        0.0,
        0.4703652827859579,
        0.0,
        0.3937481555797838,
        0.36297209628774124,
        0.0,
        0.0,
        0.0,
        0.0,
        0.0,
        0.22900989526413995,
        0.0,
        0.0,
        0.0,
        0.0,
        0.3391602052736161,
        0.08478905019642409,
        0.0,
        0.0,
        0.0,
        0.08479005131840403,
        0.0,
        0.0,
        0.0,
        0.21398626473452756,
        0.3391602052736161,
        0.5531464700081437,
        0.0,
        0.0,
        0.0,
        0.4566005422926888,
        0.0,
        0.0,
        0.0,
        0.44615333764087994,
        0.0,
        0.41822551716822265
    ],
    "mrr": [
        0.0,
        0.06666666666666667,
        0.0,
        0.0,
        0.5,
        0.0,
        0.045454545454545456,
        1.0,
        1.0,
        0.3333333333333333,
        0.0,
        0.1111111111111111,
        0.25,
        0.0,
        1.0,
        0.017241379310344827,
        1.0,
        1.0,
        0.0,
        0.0,
        0.0,
        0.0,
        0.0,
        0.5,
        0.0,
        0.14285714285714285,
        0.03225806451612903,
        0.0,
        1.0,
        0.25,
        0.0,
        0.0,
        0.0,
        0.3333333333333333,
        0.016129032258064516,
        0.015625,
        0.05263157894736842,
        0.5,
        1.0,
        1.0,
        0.0,
        0.16666666666666666,
        0.0,
        1.0,
        0.07142857142857142,
        0.0,
        0.1,
        1.0,
        0.14285714285714285,
        0.5
    ],
    "map": [
        0.0,
        0.005128205128205128,
        0.0,
        0.0,
        0.18536324786324787,
        0.0,
        0.004545454545454545,
        0.11546840958605666,
        0.15384615384615385,
        0.1463761212987219,
        0.0,
        0.01111111111111111,
        0.04318181818181818,
        0.0,
        0.17362408424908424,
        0.0019157088122605363,
        0.14814814814814814,
        0.1111111111111111,
        0.0,
        0.0,
        0.0,
        0.0,
        0.0,
        0.05555555555555555,
        0.0,
        0.05892857142857143,
        0.002932551319648094,
        0.0,
        0.17301000494205707,
        0.04595588235294118,
        0.0,
        0.0,
        0.0,
        0.11718553919953219,
        0.0009487666034155598,
        0.0013020833333333333,
        0.011657715717866094,
        0.05,
        0.10555555555555556,
        0.2,
        0.0,
        0.016666666666666666,
        0.0,
        0.2630952380952381,
        0.02240896358543417,
        0.0,
        0.03251111512238928,
        0.31450719822812845,
        0.05105820105820106,
        0.5480489417989418
    ]
}