{
    "precision@1": [
        0.0,
        0.0,
        0.0,
        0.0,
        0.0,
        0.0,
        0.0,
        0.0,
        0.0,
        1.0,
        0.0,
        0.0,
        0.0,
        0.0,
        1.0,
        0.0,
        0.0,
        0.0,
        0.0,
        0.0,
        0.0,
        0.0,
        0.0,
        0.0,
        0.0,
        0.0,
        0.0,
        0.0,
        1.0,
        0.0,
        0.0,
        0.0,
        0.0,
        1.0,
        0.0,
        0.0,
        1.0,
        0.0,
        0.0,
        0.0,
        0.0,
        0.0,
        0.0,
        1.0,
        0.0,
        0.0,
        0.0,
        1.0,
        0.0,
        1.0
    ],
    "precision@5": [
        0.0,
        0.0,
        0.0,
        0.0,
        0.0,
        0.0,
        0.0,
        0.2,
        0.0,
        0.4,
        0.0,
        0.0,
        0.0,
        0.0,
        0.2,
        0.0,
        0.0,
        0.0,
        0.0,
        0.0,
        0.0,
        0.0,
        0.0,
        0.0,
        0.0,
        0.0,
        0.2,
        0.0,
        0.6,
        0.0,
        0.0,
        0.0,
        0.0,
        0.6,
        0.0,
        0.0,
        0.2,
        0.0,
        0.0,
        0.0,
        0.0,
        0.0,
        0.0,
        0.4,
        0.0,
        0.0,
        0.0,
        0.4,
        0.4,
        0.6
    ],
    "ndcg@5": [
        0.0,
        0.0,
        0.0,
        0.0,
        0.0,
        0.0,
        0.0,
        0.07303417492135322,
        0.0,
        0.38356636737133565,
        0.0,
        0.0,
        0.0,
        0.0,
        0.3391602052736161,
        0.0,
        0.0,
        0.0,
        0.0,
        0.0,
        0.0,
        0.0,
        0.0,
        0.0,
        0.0,
        0.0,
        0.16958010263680806,
        0.0,
        0.5817744828317774,
        0.0,
        0.0,
        0.0,
        0.0,
        0.5191875125622332,
        0.0,
        0.0,
        0.3391602052736161,
        0.0,
        0.0,
        0.0,
        0.0,
        0.0,
        0.0,
        0.48522855511632257,
        0.0,
        0.0,
        0.0,
        0.38356636737133565,
        0.3156484524795145,
        0.6843515475204855
    ],
    "mrr": [
        0.0,
        0.045454545454545456,
        0.0,
        0.0,
        0.09090909090909091,
        0.0,
        0.01818181818181818,
        0.25,
        0.14285714285714285,
        1.0,
        0.0,
        0.015873015873015872,
        0.07142857142857142,
        0.0,
        1.0,
        0.02127659574468085,
        0.04,
        0.014705882352941176,
        0.0,
        0.0,
        0.0,
        0.0,
        0.0,
        0.011363636363636364,
        0.0,
        0.16666666666666666,
        0.3333333333333333,
        0.0,
        1.0,
        0.16666666666666666,
        0.0,
        0.0,
        0.0,
        1.0,
        0.023255813953488372,
        0.07142857142857142,
        1.0,
        0.047619047619047616,
        0.0625,
        0.02040816326530612,
        0.0,
        0.02702702702702703,
        0.0,
        1.0,
        0.06666666666666667,
        0.0,
        0.0625,
        1.0,
        0.3333333333333333,
        1.0
    ],
    "map": [
        0.0,
        0.0034965034965034965,
        0.0,
        0.0,
        0.028714294482818672,
        0.0,
        0.0018181818181818182,
        0.039473684210526314,
        0.02380952380952381,
        0.2123557692307692,
        0.0,
        0.0015873015873015873,
        0.012406015037593985,
        0.0,
        0.14938675112878225,
        0.002364066193853428,
        0.007916666666666667,
        0.0016339869281045752,
        0.0,
        0.0,
        0.0,
        0.0,
        0.0,
        0.0012626262626262627,
        0.0,
        0.03750165936545865,
        0.0303030303030303,
        0.0,
        0.30930255273092055,
        0.05654761904761904,
        0.0,
        0.0,
        0.0,
        0.2597283310038333,
        0.0013679890560875513,
        0.005952380952380952,
        0.1263768115942029,
        0.0047619047619047615,
        0.008916666666666666,
        0.004102671996633705,
        0.0,
        0.002702702702702703,
        0.0,
        0.12843630816170862,
        0.018352811209954065,
        0.0,
        0.04484167421096551,
        0.24895609895609894,
        0.12962962962962962,
        0.41671176046176045
    ]
}